passenger,start,end,time
0,1,4,120
1,4,5,299
2,3,5,88
3,0,3,600
4,0,4,94
5,4,5,28
6,0,1,69
7,0,2,579
8,0,1,857
9,2,5,427
10,3,4,241
11,4,5,454
12,2,3,705
13,2,4,403
14,4,5,943
15,0,2,646
16,2,4,841
17,2,4,19
18,3,5,834
19,2,3,324
20,0,3,669
21,2,4,172
22,1,2,79
23,3,4,235
24,0,1,40
25,3,4,475
26,2,5,389
27,2,4,608
28,0,2,410
29,2,3,278
30,3,5,995
31,0,2,966
32,4,5,665
33,1,5,520
34,0,2,858
35,4,5,675
36,2,3,923
37,2,3,593
38,3,5,542
39,2,3,458
40,2,3,152
41,4,5,315
42,0,3,439
43,2,4,112
44,1,4,664
45,4,5,233
46,0,2,722
47,3,5,455
48,2,4,533
49,3,5,564
50,2,4,871
51,3,4,595
52,0,5,549
53,0,2,418
54,0,2,536
55,0,2,7
56,1,4,641
57,1,4,248
58,1,4,32
59,1,2,278
60,1,3,581
61,1,3,798
62,1,4,728
63,3,5,558
64,0,3,242
65,0,5,933
66,2,5,608
67,4,5,343
68,2,5,498
69,2,4,597
70,2,3,231
71,2,5,588
72,0,2,77
73,0,2,997
74,4,5,997
75,4,5,849
76,1,4,713
77,2,3,644
78,3,4,239
79,3,5,879
80,0,4,644
81,2,4,38
82,0,5,537
83,3,5,743
84,2,5,811
85,2,5,540
86,3,4,800
87,2,3,102
88,4,5,678
89,1,2,142
90,3,5,721
91,0,1,402
92,3,5,271
93,3,5,676
94,2,3,218
95,2,4,667
96,4,5,403
97,0,5,409
98,4,5,205
99,3,5,820
100,2,3,533
101,4,5,885
102,1,2,777
103,4,5,899
104,1,5,844
105,1,5,387
106,0,3,485
107,3,4,666
108,1,5,986
109,4,5,649
110,4,5,369
111,0,2,213
112,4,5,850
113,0,5,424
114,3,4,844
115,0,5,768
116,3,5,944
117,3,5,172
118,2,4,629
119,0,1,888
120,2,3,751
121,2,4,761
122,4,5,362
123,0,5,587
124,2,5,308
125,2,4,409
126,3,5,959
127,3,4,210
128,1,4,530
129,4,5,944
130,3,5,515
131,2,4,945
132,0,5,827
133,1,2,920
134,0,3,62
135,0,2,272
136,3,4,820
137,3,4,211
138,2,4,660
139,0,1,813
140,2,5,466
141,2,5,726
142,1,2,32
143,0,1,567
144,4,5,946
145,2,4,120
146,0,2,436
147,2,4,631
148,2,3,66
149,2,3,37
150,2,4,212
151,3,5,56
152,2,4,846
153,2,4,5
154,2,4,617
155,2,5,18
156,4,5,169
157,4,5,342
158,2,3,932
159,0,1,392
160,0,5,364
161,2,3,528
162,1,5,641
163,3,5,763
164,2,5,530
165,2,3,143
166,1,2,74
167,2,4,188
168,4,5,872
169,2,4,32
170,2,5,29
171,0,2,222
172,0,5,702
173,0,4,432
174,3,5,811
175,3,4,805
176,0,4,395
177,3,5,883
178,1,3,43
179,3,4,455
180,3,5,388
181,1,4,259
182,4,5,670
183,0,2,303
184,1,5,500
185,3,4,631
186,1,4,511
187,2,5,85
188,3,4,2
189,3,5,278
190,4,5,767
191,0,2,956
192,1,5,432
193,3,4,640
194,2,3,122
195,3,4,474
196,2,4,709
197,2,3,465
198,2,5,682
199,4,5,641
200,4,5,235
201,3,4,797
202,4,5,938
203,1,5,902
204,2,4,398
205,4,5,505
206,3,5,556
207,4,5,582
208,2,5,269
209,2,5,898
210,1,3,463
211,2,4,879
212,2,5,939
213,2,3,358
214,2,3,905
215,0,4,181
216,0,3,377
217,3,5,613
218,2,3,89
219,0,5,783
220,4,5,210
221,1,3,436
222,2,5,263
223,3,4,600
224,2,5,920
225,3,4,914
226,3,5,866
227,4,5,362
228,3,5,252
229,0,4,15
230,1,3,186
231,2,3,171
232,1,5,863
233,0,1,94
234,1,2,289
235,0,3,46
236,1,2,31
237,3,4,712
238,4,5,668
239,2,5,157
240,1,2,289
241,1,3,302
242,2,4,651
243,4,5,595
244,1,2,75
245,4,5,655
246,3,5,752
247,3,5,446
248,3,5,746
249,3,4,42
250,2,4,931
251,2,5,527
252,2,4,77
253,3,5,644
254,2,4,9
255,4,5,299
256,1,3,608
257,1,4,691
258,2,5,525
259,0,1,958
260,0,3,202
261,3,5,454
262,0,1,336
263,1,5,209
264,1,3,630
265,1,3,804
266,2,5,714
267,2,4,429
268,1,4,320
269,0,3,531
270,0,4,222
271,3,5,171
272,0,1,110
273,2,3,351
274,2,5,546
275,0,4,592
276,3,5,809
277,1,5,336
278,4,5,232
279,4,5,318
280,2,3,302
281,3,4,772
282,1,2,746
283,0,4,340
284,3,4,464
285,4,5,126
286,4,5,128
287,1,5,593
288,2,4,603
289,4,5,74
290,0,5,977
291,2,5,765
292,4,5,788
293,1,2,460
294,2,5,350
295,4,5,157
296,1,2,435
297,2,3,843
298,2,5,350
299,1,3,406
300,3,5,3
301,4,5,649
302,1,5,763
303,2,5,934
304,1,5,599
305,0,4,651
306,2,4,597
307,3,5,880
308,1,3,342
309,0,2,106
310,0,3,385
311,2,5,536
312,4,5,284
313,0,4,172
314,1,3,901
315,4,5,732
316,2,4,23
317,4,5,820
318,4,5,0
319,1,2,795
320,2,4,546
321,3,4,125
322,1,4,702
323,3,5,869
324,3,4,87
325,4,5,613
326,1,2,763
327,0,5,888
328,0,3,819
329,1,4,104
330,3,4,139
331,0,5,703
332,3,5,455
333,2,4,834
334,2,4,500
335,2,5,256
336,2,4,262
337,0,5,188
338,2,5,872
339,2,3,789
340,2,4,871
341,2,3,348
342,3,5,524
343,2,5,450
344,1,5,804
345,4,5,768
346,0,5,731
347,0,4,786
348,2,4,444
349,2,5,369
350,1,3,367
351,0,5,807
352,4,5,189
353,3,4,276
354,3,4,732
355,0,3,323
356,1,2,786
357,4,5,954
358,2,5,713
359,0,4,257
360,1,5,345
361,0,3,115
362,3,4,424
363,3,5,317
364,4,5,432
365,4,5,160
366,2,4,583
367,1,2,656
368,0,3,780
369,2,5,243
370,4,5,338
371,4,5,809
372,2,4,296
373,2,3,548
374,1,2,487
375,2,3,743
376,1,2,119
377,2,4,224
378,0,1,831
379,2,3,496
380,1,3,599
381,3,4,338
382,0,1,929
383,1,4,918
384,2,4,93
385,1,2,916
386,2,5,978
387,2,4,805
388,4,5,608
389,3,4,81
390,3,4,475
391,2,3,295
392,4,5,687
393,0,5,695
394,3,4,908
395,4,5,831
396,4,5,726
397,3,5,627
398,0,2,896
399,3,5,174
400,1,5,606
401,2,3,22
402,2,3,619
403,1,2,555
404,3,5,477
405,1,5,238
406,3,5,791
407,4,5,651
408,3,4,968
409,0,2,760
410,3,4,230
411,1,3,983
412,2,3,103
413,4,5,244
414,1,3,781
415,2,4,826
416,3,5,310
417,0,2,903
418,3,5,27
419,3,5,236
420,2,5,413
421,1,2,275
422,2,5,135
423,2,4,999
424,2,4,251
425,1,2,833
426,3,5,503
427,2,3,423
428,2,5,830
429,1,2,751
430,4,5,909
431,2,5,221
432,2,3,547
433,2,4,962
434,2,3,611
435,1,5,623
436,2,4,82
437,2,3,90
438,4,5,351
439,4,5,425
440,2,3,855
441,0,1,529
442,1,5,453
443,2,4,843
444,2,3,462
445,4,5,459
446,2,4,984
447,0,5,762
448,2,5,669
449,3,4,542
450,2,4,48
451,2,3,615
452,3,4,752
453,4,5,53
454,0,2,53
455,2,3,243
456,1,4,963
457,1,2,90
458,3,4,868
459,1,4,258
460,1,5,469
461,2,3,939
462,4,5,382
463,3,5,985
464,0,3,217
465,2,4,969
466,1,3,605
467,1,2,147
468,3,4,834
469,1,5,440
470,2,4,601
471,2,5,58
472,1,5,986
473,2,5,265
474,4,5,244
475,4,5,372
476,1,3,810
477,2,4,784
478,2,3,479
479,0,5,206
480,3,4,758
481,1,4,822
482,2,5,16
483,4,5,178
484,4,5,363
485,4,5,556
486,1,3,994
487,2,5,601
488,4,5,851
489,4,5,234
490,0,5,743
491,3,4,920
492,0,4,510
493,2,5,225
494,2,4,604
495,2,4,933
496,3,4,526
497,2,3,929
498,2,3,248
499,3,5,219
500,1,4,239
501,3,4,535
502,4,5,671
503,4,5,588
504,2,4,903
505,4,5,98
506,2,5,899
507,0,4,419
508,1,5,296
509,3,5,890
510,3,5,194
511,2,4,928
512,2,5,368
513,2,3,525
514,2,3,167
515,3,5,737
516,1,4,730
517,2,3,55
518,3,5,983
519,2,4,309
520,1,5,82
521,1,3,432
522,3,5,700
523,2,4,541
524,2,3,195
525,3,5,793
526,4,5,309
527,0,5,270
528,1,4,524
529,4,5,17
530,2,3,375
531,0,5,775
532,0,2,122
533,1,2,88
534,4,5,212
535,1,5,963
536,2,3,446
537,0,2,846
538,2,5,866
539,2,5,21
540,4,5,823
541,2,5,139
542,2,3,515
543,0,4,295
544,3,4,588
545,3,4,387
546,1,3,28
547,2,4,201
548,3,4,417
549,0,2,500
550,1,2,628
551,2,5,748
552,3,4,329
553,2,4,975
554,2,5,839
555,3,4,284
556,2,3,706
557,2,4,919
558,4,5,979
559,2,5,57
560,1,4,137
561,2,3,158
562,0,5,431
563,4,5,192
564,2,3,77
565,0,1,349
566,2,5,777
567,4,5,576
568,1,3,199
569,2,4,867
570,1,2,554
571,0,4,164
572,2,5,857
573,0,3,50
574,1,2,872
575,1,3,309
576,0,5,197
577,4,5,42
578,1,4,494
579,0,1,712
580,3,5,621
581,4,5,914
582,1,2,726
583,0,3,418
584,3,5,569
585,2,3,482
586,3,4,736
587,4,5,967
588,4,5,459
589,4,5,690
590,0,3,592
591,2,5,319
592,0,4,69
593,2,5,2
594,3,4,217
595,2,4,172
596,1,3,311
597,0,4,694
598,0,5,557
599,3,5,613
600,4,5,296
601,1,3,714
602,1,2,59
603,2,5,431
604,1,5,695
605,2,4,360
606,3,4,243
607,4,5,595
608,4,5,217
609,0,1,562
610,0,4,730
611,1,2,412
612,2,4,828
613,2,3,455
614,0,1,672
615,2,5,360
616,2,5,923
617,1,4,216
618,2,3,485
619,0,3,213
620,4,5,817
621,2,5,956
622,2,3,215
623,1,5,734
624,3,4,210
625,0,2,743
626,2,3,528
627,0,1,507
628,2,4,608
629,1,5,429
630,2,4,476
631,1,5,985
632,2,5,268
633,0,4,262
634,4,5,793
635,2,4,808
636,1,3,242
637,2,3,622
638,4,5,694
639,1,4,872
640,1,3,463
641,2,5,142
642,3,4,609
643,2,4,874
644,2,5,596
645,3,4,747
646,4,5,475
647,2,4,733
648,4,5,311
649,4,5,223
650,1,4,229
651,2,5,18
652,0,4,854
653,3,4,95
654,1,4,102
655,1,5,451
656,3,5,338
657,1,4,653
658,2,4,400
659,3,5,979
660,3,5,80
661,1,3,864
662,2,4,54
663,1,4,567
664,4,5,69
665,2,4,538
666,1,3,753
667,4,5,1000
668,3,4,273
669,4,5,821
670,2,3,750
671,4,5,337
672,4,5,161
673,1,3,363
674,0,1,198
675,2,5,922
676,0,1,764
677,3,4,607
678,0,1,888
679,2,4,732
680,2,4,884
681,2,3,555
682,2,3,907
683,1,2,424
684,4,5,678
685,2,4,333
686,0,5,970
687,1,4,628
688,0,4,72
689,1,2,860
690,1,3,604
691,2,3,523
692,3,5,437
693,3,5,261
694,2,5,120
695,0,4,22
696,1,2,613
697,4,5,643
698,3,4,183
699,2,4,445
700,4,5,167
701,3,4,264
702,0,1,497
703,2,3,290
704,2,4,682
705,1,4,96
706,3,4,834
707,3,5,459
708,3,4,325
709,3,5,237
710,0,5,287
711,3,5,578
712,3,4,454
713,2,3,970
714,4,5,117
715,2,5,806
716,4,5,161
717,2,3,928
718,2,3,901
719,3,5,510
720,2,5,705
721,1,3,696
722,4,5,524
723,2,5,749
724,1,2,513
725,4,5,712
726,4,5,15
727,2,4,92
728,0,4,254
729,2,5,419
730,0,3,355
731,1,3,10
732,2,5,826
733,3,4,551
734,2,5,633
735,0,4,639
736,2,4,353
737,4,5,482
738,3,4,477
739,2,4,777
740,1,3,910
741,4,5,540
742,2,3,692
743,0,2,545
744,0,2,287
745,3,4,760
746,2,4,531
747,2,3,15
748,2,3,143
749,2,5,711
750,0,5,844
751,2,4,173
752,2,3,859
753,1,2,927
754,1,4,958
755,2,4,718
756,2,3,154
757,3,4,605
758,1,3,28
759,2,5,412
760,2,5,514
761,0,3,288
762,0,2,771
763,4,5,506
764,4,5,640
765,2,5,461
766,1,5,814
767,2,3,280
768,0,2,253
769,0,2,774
770,0,4,591
771,2,3,135
772,0,5,402
773,2,4,54
774,2,4,764
775,2,5,578
776,4,5,848
777,1,2,533
778,1,4,693
779,3,5,204
780,1,5,117
781,3,5,821
782,2,4,371
783,4,5,263
784,3,5,81
785,0,2,628
786,1,4,872
787,0,5,829
788,0,2,425
789,1,4,476
790,2,4,115
791,4,5,56
792,0,2,207
793,0,2,950
794,1,4,689
795,1,2,593
796,1,3,280
797,2,5,969
798,3,4,662
799,0,4,205
800,4,5,212
801,1,2,78
802,2,3,437
803,2,5,85
804,4,5,195
805,0,2,22
806,1,5,655
807,2,3,183
808,3,4,301
809,0,4,566
810,3,5,66
811,1,2,664
812,0,5,973
813,3,5,572
814,3,4,811
815,1,4,53
816,0,1,202
817,2,4,90
818,3,5,10
819,1,5,196
820,3,5,601
821,2,5,253
822,4,5,520
823,1,2,31
824,4,5,501
825,0,5,360
826,4,5,641
827,4,5,918
828,2,5,487
829,0,5,510
830,2,5,590
831,2,4,484
832,1,5,658
833,2,3,990
834,3,4,110
835,0,1,512
836,3,5,35
837,2,3,275
838,4,5,716
839,4,5,88
840,0,2,115
841,2,3,751
842,4,5,645
843,2,4,35
844,2,3,401
845,1,4,202
846,4,5,648
847,1,2,108
848,2,5,775
849,2,5,436
850,0,5,820
851,1,2,923
852,3,4,322
853,4,5,130
854,0,1,531
855,4,5,440
856,0,1,814
857,2,5,37
858,3,5,41
859,2,5,222
860,2,3,73
861,4,5,982
862,0,1,649
863,2,4,886
864,2,3,501
865,3,4,719
866,4,5,269
867,1,3,549
868,1,3,446
869,2,3,102
870,2,4,867
871,4,5,233
872,3,5,266
873,1,5,96
874,2,5,587
875,1,5,633
876,1,4,238
877,2,3,298
878,0,4,247
879,3,5,289
880,0,4,208
881,2,5,581
882,3,4,143
883,2,5,584
884,1,3,119
885,0,3,193
886,3,4,61
887,0,5,496
888,2,4,443
889,1,2,844
890,2,3,937
891,1,2,394
892,0,3,580
893,0,1,610
894,4,5,975
895,4,5,465
896,1,5,792
897,0,3,765
898,2,4,435
899,2,4,889
900,3,5,349
901,3,5,96
902,4,5,607
903,2,5,430
904,4,5,250
905,1,4,635
906,4,5,367
907,2,5,770
908,3,4,218
909,4,5,512
910,2,4,812
911,2,5,206
912,2,4,713
913,2,5,160
914,1,2,461
915,1,3,85
916,1,4,103
917,4,5,917
918,0,2,68
919,2,3,852
920,4,5,774
921,0,2,936
922,4,5,810
923,2,3,297
924,4,5,941
925,0,2,71
926,1,3,763
927,3,4,55
928,0,5,197
929,2,4,625
930,2,4,735
931,4,5,818
932,4,5,886
933,0,3,265
934,2,3,3
935,2,4,87
936,2,5,58
937,4,5,957
938,2,5,330
939,1,4,463
940,0,3,352
941,1,2,468
942,4,5,565
943,1,4,829
944,0,5,340
945,0,2,831
946,2,5,288
947,2,4,451
948,0,2,216
949,1,2,810
950,3,5,321
951,0,4,756
952,1,2,444
953,4,5,621
954,0,1,890
955,4,5,486
956,4,5,764
957,4,5,526
958,4,5,249
959,2,3,302
960,2,5,650
961,2,3,323
962,2,3,777
963,2,4,582
964,3,4,849
965,2,3,670
966,1,4,913
967,0,2,137
968,0,2,91
969,1,3,767
970,2,4,58
971,2,4,89
972,4,5,948
973,2,5,368
974,0,3,250
975,1,2,439
976,2,4,660
977,4,5,695
978,1,4,406
979,4,5,466
980,2,5,848
981,1,4,837
982,0,3,141
983,4,5,474
984,2,5,263
985,3,5,192
986,2,3,424
987,2,5,184
988,1,3,900
989,2,4,493
990,2,4,736
991,3,4,516
992,1,5,465
993,3,4,175
994,0,5,448
995,2,5,492
996,3,5,182
997,2,4,928
998,0,4,216
999,2,5,429
1000,2,5,730
1001,2,5,84
1002,0,3,579
1003,1,5,566
1004,1,5,199
1005,3,4,820
1006,1,2,771
1007,4,5,923
1008,4,5,505
1009,1,2,530
1010,4,5,584
1011,2,3,688
1012,4,5,578
1013,0,3,26
1014,2,5,962
1015,2,4,439
1016,4,5,823
1017,2,5,519
1018,4,5,947
1019,4,5,778
1020,1,3,20
1021,3,5,145
1022,0,2,813
1023,2,3,883
1024,3,5,57
1025,4,5,15
1026,2,3,168
1027,1,4,329
1028,2,5,262
1029,2,5,452
1030,4,5,824
1031,0,3,326
1032,0,3,638
1033,3,4,783
1034,3,5,855
1035,4,5,502
1036,3,5,257
1037,0,1,108
1038,4,5,117
1039,2,3,898
1040,1,4,485
1041,3,4,678
1042,1,2,940
1043,2,5,998
1044,0,5,19
1045,2,3,762
1046,2,3,555
1047,2,3,255
1048,2,5,142
1049,3,4,36
1050,1,5,138
1051,3,5,411
1052,4,5,684
1053,2,4,742
1054,4,5,568
1055,0,2,936
1056,1,4,587
1057,1,4,472
1058,3,4,133
1059,4,5,93
1060,2,4,76
1061,2,4,242
1062,2,4,42
1063,2,5,151
1064,1,2,532
1065,0,3,791
1066,3,4,625
1067,3,5,544
1068,4,5,495
1069,3,5,912
1070,4,5,552
1071,3,4,208
1072,4,5,431
1073,1,4,694
1074,2,5,767
1075,1,5,665
1076,1,2,983
1077,2,5,437
1078,2,3,119
1079,0,3,876
1080,2,4,378
1081,4,5,764
1082,4,5,367
1083,2,4,143
1084,4,5,894
1085,2,3,805
1086,4,5,398
1087,4,5,380
1088,2,5,595
1089,0,1,715
1090,3,4,313
1091,2,3,805
1092,2,5,213
1093,4,5,520
1094,3,4,86
1095,2,3,150
1096,4,5,859
1097,2,4,616
1098,4,5,138
1099,1,4,989
1100,2,4,551
1101,0,3,67
1102,2,4,761
1103,1,3,435
1104,2,4,874
1105,3,4,874
1106,0,1,114
1107,3,5,811
1108,2,4,950
1109,2,3,110
1110,1,3,769
1111,3,5,78
1112,2,5,250
1113,3,4,736
1114,0,5,72
1115,1,3,296
1116,2,5,710
1117,2,3,598
1118,2,3,901
1119,1,2,597
1120,2,4,474
1121,4,5,522
1122,4,5,68
1123,2,4,249
1124,0,1,175
1125,2,3,144
1126,2,3,188
1127,0,5,879
1128,3,4,254
1129,2,5,768
1130,4,5,846
1131,1,3,861
1132,1,2,941
1133,0,4,759
1134,1,4,191
1135,2,3,963
1136,0,1,609
1137,4,5,322
1138,1,3,972
1139,2,3,538
1140,4,5,823
1141,4,5,22
1142,2,3,977
1143,0,2,316
1144,0,3,572
1145,4,5,171
1146,2,5,943
1147,1,5,321
1148,2,4,411
1149,4,5,110
1150,0,4,833
1151,3,5,42
1152,2,5,293
1153,3,5,728
1154,0,4,35
1155,2,4,125
1156,4,5,343
1157,2,3,891
1158,2,3,294
1159,0,4,691
1160,2,5,965
1161,2,3,374
1162,3,4,475
1163,2,4,967
1164,2,3,160
1165,1,5,95
1166,0,5,161
1167,2,5,578
1168,4,5,6
1169,1,5,452
1170,4,5,1000
1171,1,4,139
1172,2,4,58
1173,2,4,951
1174,3,5,705
1175,2,4,481
1176,2,4,978
1177,2,3,303
1178,0,1,938
1179,0,5,471
1180,4,5,499
1181,1,5,351
1182,0,2,972
1183,0,1,451
1184,0,4,399
1185,2,5,521
1186,3,5,92
1187,4,5,419
1188,0,4,394
1189,0,2,933
1190,2,5,739
1191,4,5,183
1192,0,4,151
1193,0,1,758
1194,0,2,27
1195,4,5,98
1196,2,4,14
1197,3,5,41
1198,2,3,432
1199,2,4,73
1200,1,5,229
1201,2,5,895
1202,0,3,26
1203,2,3,112
1204,1,3,496
1205,2,5,844
1206,2,3,837
1207,2,4,615
1208,2,5,370
1209,2,4,318
1210,2,5,543
1211,2,4,571
1212,0,3,807
1213,1,4,111
1214,1,2,75
1215,4,5,471
1216,3,4,249
1217,0,4,648
1218,2,3,983
1219,2,3,578
1220,1,3,882
1221,4,5,893
1222,0,2,900
1223,0,4,991
1224,4,5,949
1225,0,5,602
1226,1,3,199
1227,1,5,520
1228,3,4,970
1229,3,5,244
1230,3,4,734
1231,1,5,685
1232,0,1,701
1233,3,4,323
1234,0,2,839
1235,1,4,923
1236,2,3,184
1237,0,5,885
1238,1,3,370
1239,3,4,496
1240,2,4,795
1241,4,5,302
1242,3,4,592
1243,3,5,503
1244,2,5,821
1245,3,5,723
1246,3,4,121
1247,2,5,763
1248,4,5,901
1249,2,4,848
1250,4,5,16
1251,0,5,87
1252,4,5,713
1253,4,5,824
1254,2,4,440
1255,2,3,255
1256,1,5,817
1257,1,5,269
1258,2,3,222
1259,0,4,22
1260,3,4,736
1261,2,5,3
1262,3,5,6
1263,2,3,498
1264,0,1,935
1265,0,2,239
1266,2,4,782
1267,4,5,840
1268,1,2,47
1269,2,5,136
1270,0,1,401
1271,0,4,943
1272,2,5,883
1273,4,5,85
1274,1,2,429
1275,1,4,773
1276,4,5,53
1277,2,4,70
1278,1,4,622
1279,3,4,897
1280,1,4,995
1281,4,5,785
1282,1,2,998
1283,0,1,694
1284,3,5,59
1285,0,1,648
1286,1,4,302
1287,2,5,987
1288,4,5,465
1289,4,5,64
1290,3,5,9
1291,1,4,312
1292,0,3,34
1293,4,5,889
1294,0,3,368
1295,3,5,581
1296,2,5,886
1297,1,4,318
1298,4,5,638
1299,3,5,581
1300,4,5,101
1301,0,4,738
1302,1,5,238
1303,4,5,675
1304,0,5,426
1305,1,2,198
1306,1,4,645
1307,2,3,937
1308,2,5,704
1309,0,4,476
1310,2,5,630
1311,4,5,597
1312,1,5,183
1313,2,4,887
1314,2,4,463
1315,2,5,117
1316,2,4,923
1317,4,5,140
1318,0,5,469
1319,4,5,464
1320,0,3,1
1321,4,5,839
1322,2,3,887
1323,2,3,561
1324,0,2,453
1325,1,3,280
1326,2,3,489
1327,2,4,386
1328,2,3,190
1329,4,5,153
1330,2,3,294
1331,0,3,824
1332,2,3,243
1333,3,5,552
1334,4,5,928
1335,3,4,781
1336,4,5,840
1337,0,5,837
1338,4,5,668
1339,1,4,40
1340,4,5,197
1341,2,4,1000
1342,2,5,951
1343,2,4,499
1344,2,3,822
1345,2,3,126
1346,2,5,805
1347,3,5,681
1348,1,3,929
1349,2,4,143
1350,1,4,499
1351,1,4,668
1352,2,3,223
1353,2,4,308
1354,2,5,267
1355,0,4,667
1356,2,4,122
1357,4,5,741
1358,1,4,73
1359,1,2,653
1360,4,5,796
1361,2,4,229
1362,1,3,688
1363,2,5,102
1364,4,5,525
1365,4,5,607
1366,1,2,561
1367,3,5,228
1368,3,5,57
1369,2,3,288
1370,2,5,845
1371,0,1,307
1372,2,4,525
1373,2,3,486
1374,4,5,946
1375,2,3,906
1376,3,4,957
1377,1,3,542
1378,1,3,967
1379,0,2,676
1380,4,5,853
1381,2,4,697
1382,3,4,296
1383,3,4,201
1384,3,4,81
1385,2,4,797
1386,0,5,972
1387,0,3,789
1388,0,2,590
1389,2,4,912
1390,1,3,259
1391,2,3,433
1392,0,4,673
1393,2,3,754
1394,1,3,268
1395,2,3,973
1396,4,5,187
1397,3,4,528
1398,3,5,923
1399,2,5,785
1400,3,5,30
1401,1,5,214
1402,1,2,270
1403,0,1,226
1404,1,5,546
1405,3,4,983
1406,3,4,735
1407,1,3,434
1408,2,3,79
1409,0,5,92
1410,1,5,561
1411,2,4,944
1412,2,4,734
1413,2,4,321
1414,2,3,400
1415,1,3,689
1416,0,5,764
1417,0,1,699
1418,4,5,623
1419,4,5,566
1420,2,3,981
1421,2,5,968
1422,0,3,852
1423,1,3,217
1424,2,3,441
1425,0,1,45
1426,4,5,538
1427,2,3,483
1428,3,4,348
1429,4,5,153
1430,1,5,26
1431,1,3,542
1432,2,3,712
1433,3,4,323
1434,0,4,826
1435,1,3,414
1436,4,5,366
1437,4,5,48
1438,0,4,455
1439,1,4,214
1440,2,5,7
1441,3,5,740
1442,0,3,222
1443,1,4,997
1444,3,5,360
1445,1,2,431
1446,3,5,993
1447,3,5,539
1448,2,3,271
1449,2,5,496
1450,3,5,430
1451,2,4,183
1452,2,5,735
1453,3,5,139
1454,4,5,825
1455,4,5,357
1456,4,5,495
1457,3,5,514
1458,1,3,724
1459,1,2,420
1460,2,4,92
1461,3,5,972
1462,3,5,763
1463,1,3,885
1464,2,3,940
1465,2,3,746
1466,2,5,387
1467,0,3,994
1468,3,5,788
1469,2,4,181
1470,1,3,780
1471,2,3,302
1472,2,4,541
1473,4,5,57
1474,4,5,12
1475,0,3,435
1476,0,2,325
1477,2,4,364
1478,4,5,939
1479,4,5,364
1480,3,4,223
1481,0,4,189
1482,4,5,787
1483,2,3,476
1484,0,3,310
1485,3,4,286
1486,1,4,757
1487,4,5,454
1488,4,5,839
1489,2,4,278
1490,4,5,112
1491,3,4,393
1492,2,5,672
1493,2,5,667
1494,0,3,4
1495,2,4,379
1496,0,3,472
1497,2,4,823
1498,1,3,477
1499,1,4,689
1500,2,4,509
1501,3,5,780
1502,0,5,913
1503,1,4,904
1504,0,5,63
1505,1,2,862
1506,4,5,825
1507,3,5,764
1508,3,4,73
1509,4,5,306
1510,2,4,59
1511,2,4,726
1512,4,5,978
1513,4,5,221
1514,4,5,528
1515,3,4,101
1516,1,5,54
1517,1,3,858
1518,3,5,642
1519,4,5,615
1520,0,5,837
1521,2,4,211
1522,0,2,563
1523,4,5,580
1524,3,5,823
1525,1,4,689
1526,2,5,368
1527,3,5,88
1528,2,3,757
1529,0,4,391
1530,2,5,951
1531,2,4,820
1532,2,3,539
1533,3,5,773
1534,1,4,161
1535,3,4,318
1536,0,1,246
1537,2,5,220
1538,4,5,796
1539,2,4,996
1540,0,2,432
1541,2,5,395
1542,4,5,805
1543,0,5,721
1544,3,5,514
1545,2,3,466
1546,0,1,40
1547,3,4,194
1548,2,3,900
1549,3,5,349
1550,3,5,507
1551,2,3,490
1552,3,4,825
1553,2,3,419
1554,2,5,684
1555,2,4,237
1556,4,5,388
1557,1,5,646
1558,4,5,982
1559,4,5,200
1560,1,2,370
1561,2,3,69
1562,2,3,504
1563,1,2,120
1564,2,3,7
1565,4,5,151
1566,3,5,584
1567,2,4,518
1568,2,4,80
1569,3,5,604
1570,3,4,217
1571,0,4,567
1572,0,3,167
1573,2,5,429
1574,2,4,464
1575,1,4,198
1576,2,5,585
1577,2,5,958
1578,2,3,292
1579,0,3,807
1580,2,5,337
1581,2,5,931
1582,3,4,762
1583,2,3,460
1584,2,4,153
1585,2,3,833
1586,2,4,576
1587,1,3,839
1588,4,5,979
1589,4,5,481
1590,3,4,396
1591,4,5,632
1592,0,2,863
1593,2,5,164
1594,4,5,307
1595,4,5,675
1596,4,5,948
1597,2,3,523
1598,4,5,350
1599,2,3,270
1600,0,4,758
1601,0,5,442
1602,2,5,855
1603,0,2,767
1604,2,4,272
1605,0,3,451
1606,4,5,286
1607,2,4,343
1608,2,5,852
1609,1,4,549
1610,3,5,195
1611,2,4,809
1612,2,4,201
1613,2,4,647
1614,1,4,587
1615,4,5,123
1616,0,2,65
1617,2,4,774
1618,1,3,877
1619,1,4,2
1620,1,5,513
1621,4,5,556
1622,2,4,248
1623,0,1,24
1624,3,5,304
1625,1,5,80
1626,1,4,287
1627,2,5,781
1628,2,3,926
1629,3,4,622
1630,0,5,744
1631,1,2,552
1632,2,4,482
1633,4,5,837
1634,4,5,889
1635,2,4,107
1636,3,5,362
1637,0,4,334
1638,3,5,948
1639,1,5,803
1640,1,5,295
1641,2,5,180
1642,1,4,264
1643,4,5,851
1644,2,4,638
1645,4,5,647
1646,2,4,728
1647,4,5,399
1648,0,3,233
1649,4,5,49
1650,4,5,109
1651,4,5,271
1652,3,5,525
1653,0,4,126
1654,4,5,448
1655,3,4,119
1656,0,1,826
1657,1,3,789
1658,1,4,784
1659,1,5,809
1660,1,5,993
1661,2,3,205
1662,1,3,713
1663,0,3,341
1664,3,5,560
1665,1,2,345
1666,0,1,959
1667,2,3,945
1668,2,3,894
1669,2,5,39
1670,2,5,807
1671,2,3,356
1672,3,4,415
1673,2,4,296
1674,1,5,751
1675,2,3,366
1676,2,3,609
1677,0,4,402
1678,2,5,763
1679,3,4,16
1680,4,5,838
1681,2,5,312
1682,0,2,272
1683,0,5,154
1684,3,5,115
1685,3,4,255
1686,2,3,472
1687,2,4,375
1688,2,3,34
1689,1,3,980
1690,0,3,191
1691,1,3,289
1692,2,5,529
1693,0,1,179
1694,0,2,125
1695,4,5,318
1696,2,5,380
1697,1,4,594
1698,0,3,863
1699,3,4,285
1700,3,5,166
1701,1,2,597
1702,2,4,731
1703,2,5,338
1704,1,2,76
1705,0,3,303
1706,0,4,19
1707,2,5,503
1708,0,4,914
1709,1,3,672
1710,0,1,903
1711,0,5,258
1712,4,5,963
1713,0,2,518
1714,2,5,1000
1715,3,5,385
1716,4,5,416
1717,3,4,857
1718,2,3,679
1719,0,2,257
1720,2,4,376
1721,0,3,544
1722,1,2,886
1723,3,5,509
1724,0,3,655
1725,0,4,506
1726,3,5,324
1727,2,3,258
1728,1,2,288
1729,1,4,56
1730,2,5,582
1731,0,3,527
1732,2,4,346
1733,2,4,67
1734,1,3,223
1735,3,5,110
1736,2,4,515
1737,2,4,494
1738,0,3,148
1739,3,4,87
1740,1,4,704
1741,2,5,80
1742,2,3,433
1743,1,3,150
1744,3,5,406
1745,0,3,353
1746,2,5,862
1747,2,5,621
1748,2,4,378
1749,1,2,742
1750,4,5,345
1751,4,5,649
1752,2,3,996
1753,1,2,600
1754,3,5,266
1755,2,4,732
1756,4,5,655
1757,0,4,967
1758,4,5,346
1759,2,4,559
1760,2,3,573
1761,0,4,430
1762,2,5,125
1763,0,4,356
1764,3,4,457
1765,1,5,20
1766,4,5,927
1767,4,5,135
1768,2,5,429
1769,4,5,518
1770,4,5,951
1771,2,5,103
1772,0,3,617
1773,4,5,576
1774,2,3,606
1775,2,4,644
1776,4,5,649
1777,2,3,247
1778,0,4,249
1779,0,3,788
1780,2,5,872
1781,4,5,980
1782,0,3,584
1783,1,2,63
1784,3,4,484
1785,2,3,98
1786,4,5,486
1787,2,5,224
1788,1,4,371
1789,0,4,664
1790,2,4,292
1791,2,5,6
1792,0,1,674
1793,4,5,428
1794,4,5,867
1795,4,5,691
1796,1,3,984
1797,1,2,338
1798,0,5,170
1799,0,2,21
1800,2,3,137
1801,4,5,982
1802,3,5,851
1803,0,1,694
1804,4,5,139
1805,4,5,251
1806,1,2,790
1807,3,5,311
1808,2,5,816
1809,4,5,775
1810,1,3,785
1811,2,5,69
1812,4,5,199
1813,2,3,498
1814,2,3,298
1815,4,5,18
1816,1,3,320
1817,2,3,333
1818,0,4,633
1819,1,3,109
1820,2,3,215
1821,3,4,892
1822,3,5,471
1823,2,3,885
1824,0,4,793
1825,1,5,142
1826,0,2,186
1827,3,5,471
1828,0,3,849
1829,0,4,251
1830,3,4,837
1831,2,5,858
1832,3,4,638
1833,1,3,843
1834,2,3,930
1835,2,4,585
1836,1,2,159
1837,4,5,764
1838,1,2,158
1839,2,5,364
1840,2,5,568
1841,3,5,694
1842,1,3,992
1843,1,2,726
1844,4,5,951
1845,2,4,741
1846,2,5,966
1847,2,3,934
1848,4,5,117
1849,1,5,359
1850,2,4,750
1851,0,1,10
1852,4,5,181
1853,1,2,963
1854,2,5,689
1855,2,4,236
1856,1,4,684
1857,1,4,705
1858,4,5,755
1859,3,5,730
1860,2,3,302
1861,0,5,137
1862,1,4,801
1863,2,5,472
1864,2,5,967
1865,2,4,254
1866,2,5,970
1867,3,4,813
1868,2,3,91
1869,0,5,875
1870,2,5,49
1871,1,3,857
1872,2,3,473
1873,0,4,916
1874,0,1,325
1875,4,5,84
1876,0,4,531
1877,3,4,441
1878,0,4,762
1879,3,5,442
1880,2,5,731
1881,3,5,769
1882,3,4,216
1883,3,5,586
1884,2,4,679
1885,4,5,302
1886,2,4,816
1887,0,2,874
1888,4,5,662
1889,2,4,165
1890,1,5,129
1891,3,4,950
1892,3,5,786
1893,4,5,937
1894,4,5,756
1895,2,5,918
1896,1,2,394
1897,4,5,809
1898,1,5,161
1899,0,3,577
1900,1,5,767
1901,2,3,231
1902,2,3,669
1903,3,4,605
1904,4,5,923
1905,3,5,292
1906,1,5,408
1907,4,5,918
1908,4,5,564
1909,2,5,682
1910,0,5,499
1911,3,4,373
1912,1,4,651
1913,4,5,577
1914,0,3,625
1915,1,4,330
1916,0,1,818
1917,3,4,163
1918,2,5,712
1919,0,4,974
1920,2,3,633
1921,2,4,992
1922,1,2,486
1923,3,5,575
1924,0,1,338
1925,3,4,937
1926,2,5,28
1927,2,5,362
1928,2,3,723
1929,0,4,525
1930,0,4,352
1931,0,1,429
1932,2,4,103
1933,1,4,741
1934,2,4,502
1935,2,5,989
1936,1,3,860
1937,0,1,43
1938,2,4,166
1939,1,5,52
1940,2,5,360
1941,1,2,283
1942,1,3,656
1943,4,5,570
1944,0,4,299
1945,1,5,947
1946,0,2,847
1947,4,5,881
1948,2,5,472
1949,4,5,468
1950,1,2,181
1951,3,5,149
1952,2,5,537
1953,1,2,39
1954,1,4,206
1955,4,5,3
1956,1,4,500
1957,3,4,89
1958,0,3,764
1959,1,3,54
1960,2,4,127
1961,4,5,942
1962,2,3,624
1963,0,5,577
1964,2,3,790
1965,0,4,332
1966,3,4,794
1967,2,4,146
1968,3,5,186
1969,0,2,131
1970,0,1,894
1971,4,5,769
1972,0,4,551
1973,0,5,601
1974,2,4,684
1975,1,2,554
1976,4,5,128
1977,2,5,538
1978,3,4,904
1979,1,4,239
1980,4,5,970
1981,0,3,419
1982,0,4,145
1983,1,3,347
1984,4,5,771
1985,1,5,803
1986,3,5,908
1987,2,3,312
1988,0,3,413
1989,4,5,764
1990,1,5,605
1991,0,5,153
1992,4,5,282
1993,0,3,246
1994,3,4,758
1995,1,4,617
1996,4,5,944
1997,2,3,986
1998,2,4,872
1999,1,5,289
2000,2,4,691
2001,3,5,923
2002,3,5,457
2003,2,4,664
2004,1,3,552
2005,2,3,570
2006,2,3,890
2007,4,5,553
2008,2,4,132
2009,3,4,123
2010,2,4,500
2011,1,5,458
2012,1,2,8
2013,3,5,14
2014,2,4,293
2015,0,3,485
2016,0,1,133
2017,1,2,600
2018,1,3,624
2019,4,5,422
2020,1,3,177
2021,2,5,40
2022,1,2,68
2023,3,5,510
2024,3,4,196
2025,2,5,730
2026,4,5,278
2027,3,4,575
2028,1,2,597
2029,2,4,121
2030,2,3,187
2031,2,3,707
2032,4,5,341
2033,3,5,543
2034,1,4,14
2035,2,5,78
2036,2,3,483
2037,4,5,560
2038,2,5,720
2039,0,4,829
2040,3,4,855
2041,2,4,936
2042,2,4,648
2043,2,4,96
2044,2,4,474
2045,3,5,793
2046,2,4,872
2047,2,3,729
2048,1,3,643
2049,2,3,723
2050,2,4,850
2051,0,3,259
2052,1,4,860
2053,0,5,817
2054,4,5,407
2055,3,4,109
2056,2,3,834
2057,2,4,135
2058,2,5,384
2059,1,3,505
2060,3,5,704
2061,2,4,154
2062,0,4,226
2063,1,4,155
2064,2,3,14
2065,4,5,325
2066,4,5,188
2067,1,3,838
2068,2,3,695
2069,2,5,748
2070,4,5,194
2071,4,5,340
2072,4,5,948
2073,4,5,792
2074,0,3,641
2075,0,1,875
2076,2,3,226
2077,0,3,246
2078,2,4,285
2079,1,3,123
2080,1,4,908
2081,2,3,942
2082,2,3,841
2083,1,5,601
2084,1,5,666
2085,1,3,494
2086,0,5,832
2087,3,5,818
2088,3,4,37
2089,3,4,206
2090,2,4,565
2091,4,5,543
2092,3,5,889
2093,0,1,220
2094,1,2,659
2095,2,3,454
2096,1,3,526
2097,2,5,235
2098,2,3,18
2099,4,5,771
2100,2,4,636
2101,0,2,164
2102,0,3,129
2103,1,3,519
2104,2,3,344
2105,3,4,259
2106,2,4,273
2107,4,5,62
2108,4,5,255
2109,3,4,156
2110,2,4,106
2111,1,4,718
2112,2,5,532
2113,0,3,367
2114,0,4,735
2115,3,4,599
2116,3,5,764
2117,0,4,39
2118,2,3,79
2119,3,4,140
2120,2,5,914
2121,1,5,590
2122,0,3,606
2123,3,5,562
2124,4,5,310
2125,1,4,369
2126,0,5,181
2127,0,5,851
2128,2,3,697
2129,2,5,508
2130,0,5,70
2131,2,4,115
2132,2,4,990
2133,2,3,925
2134,0,5,349
2135,0,5,101
2136,2,4,477
2137,2,3,212
2138,2,4,135
2139,4,5,207
2140,4,5,33
2141,0,5,145
2142,0,2,776
2143,2,4,355
2144,2,5,644
2145,1,2,287
2146,1,2,475
2147,3,5,28
2148,1,2,894
2149,2,5,965
2150,3,4,956
2151,2,5,673
2152,2,3,34
2153,0,3,671
2154,0,2,568
2155,2,3,834
2156,3,5,985
2157,1,3,551
2158,2,5,398
2159,3,5,974
2160,4,5,534
2161,2,4,945
2162,3,5,889
2163,2,4,226
2164,3,4,333
2165,1,3,247
2166,4,5,829
2167,0,5,847
2168,4,5,425
2169,2,4,327
2170,2,5,846
2171,0,2,618
2172,1,2,85
2173,3,4,600
2174,4,5,161
2175,1,3,936
2176,2,4,300
2177,2,4,308
2178,0,1,918
2179,2,4,361
2180,2,3,375
2181,2,5,541
2182,3,5,842
2183,2,3,64
2184,0,4,482
2185,1,2,590
2186,4,5,482
2187,3,4,208
2188,3,4,494
2189,3,5,755
2190,3,4,800
2191,2,5,650
2192,2,3,782
2193,1,3,613
2194,1,3,867
2195,2,3,785
2196,2,4,560
2197,4,5,800
2198,1,3,50
2199,2,3,822
2200,2,3,619
2201,1,3,871
2202,4,5,409
2203,0,3,991
2204,1,2,554
2205,1,3,912
2206,0,5,379
2207,2,5,597
2208,3,4,799
2209,2,4,409
2210,3,4,38
2211,0,2,868
2212,3,4,890
2213,4,5,383
2214,3,4,681
2215,0,2,50
2216,2,5,812
2217,3,5,256
2218,3,4,989
2219,0,4,930
2220,2,3,150
2221,3,5,334
2222,3,5,418
2223,1,5,780
2224,0,3,968
2225,1,5,381
2226,1,4,97
2227,2,5,55
2228,4,5,69
2229,2,4,837
2230,2,4,794
2231,2,4,872
2232,2,4,15
2233,3,5,929
2234,4,5,234
2235,4,5,602
2236,0,3,997
2237,4,5,68
2238,1,5,767
2239,0,3,726
2240,0,1,328
2241,4,5,14
2242,2,3,918
2243,3,5,368
2244,2,5,945
2245,4,5,740
2246,0,2,178
2247,4,5,180
2248,3,5,717
2249,0,2,587
2250,3,5,319
2251,4,5,514
2252,1,5,449
2253,0,3,784
2254,2,4,428
2255,0,2,92
2256,0,3,683
2257,2,4,141
2258,0,1,681
2259,3,5,936
2260,4,5,290
2261,1,2,568
2262,2,3,842
2263,2,5,109
2264,2,3,291
2265,4,5,325
2266,4,5,345
2267,0,2,63
2268,4,5,532
2269,2,5,301
2270,0,5,926
2271,3,5,724
2272,2,4,47
2273,2,5,665
2274,0,3,481
2275,1,3,850
2276,4,5,288
2277,2,3,539
2278,2,3,328
2279,0,3,158
2280,4,5,539
2281,0,3,310
2282,3,4,870
2283,2,5,593
2284,2,5,946
2285,3,4,618
2286,1,3,715
2287,4,5,578
2288,1,4,768
2289,2,3,200
2290,2,4,430
2291,2,3,412
2292,0,5,642
2293,2,5,946
2294,4,5,165
2295,4,5,770
2296,0,2,692
2297,1,3,828
2298,4,5,81
2299,3,4,705
2300,2,4,394
2301,1,5,824
2302,0,1,4
2303,3,4,0
2304,3,5,428
2305,1,5,816
2306,3,4,674
2307,0,4,897
2308,0,3,263
2309,0,3,417
2310,2,5,220
2311,2,4,909
2312,0,5,844
2313,1,3,721
2314,2,3,290
2315,1,5,396
2316,3,5,455
2317,2,4,876
2318,1,3,237
2319,1,3,908
2320,0,2,935
2321,4,5,140
2322,0,2,38
2323,0,5,640
2324,0,4,346
2325,4,5,748
2326,2,3,74
2327,2,5,634
2328,4,5,224
2329,2,4,261
2330,2,4,540
2331,2,4,589
2332,1,2,737
2333,0,5,320
2334,1,3,24
2335,2,4,138
2336,4,5,419
2337,3,5,448
2338,2,5,962
2339,2,5,405
2340,2,4,77
2341,1,4,351
2342,3,4,884
2343,2,4,329
2344,1,5,291
2345,0,5,529
2346,2,4,277
2347,3,4,12
2348,0,4,769
2349,4,5,330
2350,1,3,926
2351,1,5,39
2352,0,4,77
2353,3,5,522
2354,1,5,871
2355,4,5,844
2356,4,5,951
2357,2,5,244
2358,2,3,754
2359,3,5,417
2360,4,5,894
2361,2,3,988
2362,2,5,474
2363,2,5,492
2364,3,5,761
2365,0,1,465
2366,1,2,765
2367,1,5,305
2368,3,4,288
2369,1,3,870
2370,2,5,95
2371,3,4,889
2372,4,5,35
2373,0,5,579
2374,4,5,993
2375,1,4,900
2376,2,5,511
2377,2,4,307
2378,0,2,996
2379,0,1,856
2380,0,3,600
2381,2,5,704
2382,0,3,325
2383,3,5,53
2384,2,3,844
2385,3,4,247
2386,1,3,773
2387,0,2,248
2388,2,5,696
2389,2,4,851
2390,0,2,529
2391,2,5,845
2392,4,5,543
2393,3,4,5
2394,4,5,356
2395,4,5,336
2396,0,1,399
2397,3,5,266
2398,2,3,485
2399,0,1,525
2400,1,2,897
2401,1,3,661
2402,3,4,990
2403,4,5,145
2404,0,5,675
2405,2,4,403
2406,0,1,553
2407,4,5,27
2408,4,5,26
2409,0,3,193
2410,1,4,368
2411,2,5,125
2412,3,5,580
2413,4,5,621
2414,3,5,918
2415,2,3,187
2416,2,3,429
2417,2,4,184
2418,2,4,498
2419,0,3,535
2420,3,5,48
2421,4,5,185
2422,0,4,928
2423,3,5,527
2424,1,5,269
2425,1,4,839
2426,2,5,746
2427,1,2,817
2428,1,4,557
2429,2,4,846
2430,2,4,547
2431,2,3,776
2432,3,5,726
2433,2,5,348
2434,0,1,496
2435,1,2,689
2436,2,3,806
2437,2,4,418
2438,2,5,777
2439,1,5,682
2440,3,4,510
2441,0,5,25
2442,0,4,197
2443,3,4,633
2444,4,5,536
2445,2,5,639
2446,0,2,55
2447,2,3,379
2448,4,5,328
2449,4,5,898
2450,2,3,845
2451,2,4,858
2452,4,5,993
2453,4,5,642
2454,3,4,971
2455,0,1,998
2456,2,3,844
2457,1,3,394
2458,0,1,560
2459,1,2,405
2460,1,2,814
2461,4,5,297
2462,3,4,888
2463,2,5,353
2464,4,5,188
2465,2,3,170
2466,2,3,442
2467,3,5,751
2468,2,3,230
2469,0,4,842
2470,0,4,335
2471,0,3,205
2472,1,3,481
2473,3,5,907
2474,1,2,495
2475,2,5,710
2476,1,2,207
2477,4,5,398
2478,2,3,416
2479,2,5,676
2480,0,1,851
2481,3,4,764
2482,3,5,10
2483,4,5,224
2484,1,3,932
2485,2,5,738
2486,2,5,869
2487,2,5,343
2488,0,4,859
2489,2,5,922
2490,1,2,455
2491,2,3,641
2492,1,3,300
2493,3,5,840
2494,3,5,366
2495,4,5,297
2496,0,2,898
2497,0,5,977
2498,1,4,498
2499,2,4,374
2500,2,4,542
2501,2,5,396
2502,2,3,123
2503,2,3,431
2504,1,2,663
2505,3,4,253
2506,0,3,622
2507,2,3,906
2508,1,2,10
2509,4,5,930
2510,1,4,17
2511,2,5,151
2512,0,1,333
2513,3,4,687
2514,0,1,288
2515,2,4,508
2516,2,5,188
2517,1,3,663
2518,0,3,620
2519,1,2,472
2520,0,3,949
2521,3,5,153
2522,3,5,727
2523,1,3,529
2524,1,5,336
2525,4,5,413
2526,2,5,697
2527,3,5,794
2528,1,4,573
2529,2,3,5
2530,0,1,404
2531,1,4,333
2532,2,3,99
2533,3,4,333
2534,0,4,498
2535,1,4,64
2536,0,4,783
2537,4,5,332
2538,4,5,676
2539,2,4,973
2540,4,5,561
2541,3,5,522
2542,4,5,639
2543,4,5,961
2544,4,5,867
2545,4,5,70
2546,2,5,332
2547,0,5,766
2548,0,4,9
2549,2,4,855
2550,0,4,588
2551,2,5,116
2552,3,4,161
2553,1,2,979
2554,1,2,813
2555,1,3,969
2556,0,3,317
2557,3,5,567
2558,4,5,19
2559,2,4,576
2560,2,4,662
2561,1,3,250
2562,4,5,767
2563,1,3,623
2564,1,5,707
2565,4,5,196
2566,4,5,796
2567,3,4,402
2568,0,5,838
2569,2,5,861
2570,0,1,597
2571,4,5,692
2572,2,4,500
2573,1,4,876
2574,1,5,415
2575,2,5,692
2576,1,2,643
2577,4,5,166
2578,0,2,205
2579,1,2,886
2580,1,4,846
2581,0,3,604
2582,3,5,202
2583,0,5,534
2584,3,5,104
2585,1,3,178
2586,2,4,414
2587,0,1,917
2588,3,4,536
2589,2,5,697
2590,2,4,2
2591,4,5,85
2592,1,4,380
2593,4,5,130
2594,0,2,106
2595,0,1,418
2596,2,5,492
2597,4,5,591
2598,0,4,687
2599,2,3,162
2600,1,5,666
2601,2,3,632
2602,2,5,919
2603,0,5,426
2604,0,1,600
2605,4,5,234
2606,3,5,939
2607,1,3,284
2608,1,5,751
2609,1,4,342
2610,2,5,931
2611,2,4,471
2612,2,5,56
2613,1,5,164
2614,0,3,940
2615,0,5,860
2616,0,2,536
2617,2,3,887
2618,2,3,967
2619,1,5,413
2620,2,5,181
2621,2,5,608
2622,1,3,535
2623,1,4,590
2624,1,3,84
2625,1,3,180
2626,3,5,201
2627,0,1,980
2628,2,3,486
2629,2,3,645
2630,4,5,132
2631,2,4,827
2632,2,4,700
2633,1,5,736
2634,0,4,745
2635,0,4,327
2636,0,2,916
2637,3,5,228
2638,2,3,324
2639,3,4,220
2640,4,5,871
2641,3,4,605
2642,2,5,733
2643,0,4,936
2644,2,5,656
2645,3,4,372
2646,2,3,459
2647,0,3,191
2648,1,2,488
2649,0,2,100
2650,4,5,302
2651,2,3,240
2652,4,5,465
2653,2,5,364
2654,0,1,900
2655,4,5,424
2656,1,4,1000
2657,4,5,522
2658,2,4,865
2659,1,2,464
2660,3,4,328
2661,4,5,393
2662,0,1,331
2663,4,5,477
2664,1,5,747
2665,0,5,780
2666,1,4,383
2667,3,4,309
2668,2,4,652
2669,1,2,480
2670,4,5,230
2671,1,2,398
2672,0,4,227
2673,0,4,241
2674,0,3,126
2675,2,4,344
2676,1,4,382
2677,4,5,498
2678,1,3,665
2679,1,2,348
2680,2,3,116
2681,3,5,25
2682,0,4,85
2683,2,3,754
2684,2,5,533
2685,0,3,250
2686,0,4,710
2687,2,5,636
2688,1,2,370
2689,3,4,123
2690,4,5,113
2691,1,2,45
2692,3,5,104
2693,3,5,936
2694,2,3,650
2695,1,5,42
2696,0,5,390
2697,3,5,15
2698,0,1,501
2699,2,5,390
2700,2,4,45
2701,2,3,71
2702,0,5,191
2703,4,5,529
2704,3,4,570
2705,2,5,627
2706,2,4,936
2707,2,4,473
2708,2,5,897
2709,3,5,969
2710,4,5,315
2711,4,5,821
2712,2,5,837
2713,0,5,920
2714,4,5,62
2715,0,3,328
2716,2,3,512
2717,4,5,382
2718,2,4,745
2719,0,2,938
2720,0,5,296
2721,0,4,446
2722,0,3,512
2723,3,4,544
2724,1,4,945
2725,4,5,871
2726,0,2,539
2727,2,5,594
2728,4,5,485
2729,2,5,939
2730,4,5,924
2731,2,3,863
2732,4,5,400
2733,1,5,926
2734,3,4,265
2735,2,4,368
2736,2,5,463
2737,4,5,922
2738,3,5,307
2739,1,2,22
2740,0,2,473
2741,4,5,92
2742,1,3,942
2743,2,3,197
2744,3,4,460
2745,1,5,384
2746,1,4,909
2747,2,5,711
2748,1,5,634
2749,0,4,865
2750,1,3,655
2751,0,1,543
2752,4,5,464
2753,2,4,698
2754,3,4,951
2755,1,4,747
2756,2,5,415
2757,2,5,264
2758,0,3,637
2759,4,5,969
2760,3,4,735
2761,0,3,386
2762,0,5,585
2763,2,3,635
2764,3,4,304
2765,0,3,840
2766,2,5,917
2767,2,5,694
2768,2,5,759
2769,4,5,889
2770,0,2,996
2771,4,5,597
2772,2,3,840
2773,1,5,936
2774,3,5,473
2775,3,5,585
2776,2,5,817
2777,0,1,737
2778,2,5,544
2779,2,4,889
2780,2,5,177
2781,0,4,931
2782,0,5,711
2783,3,5,743
2784,2,4,990
2785,1,2,251
2786,2,5,433
2787,4,5,113
2788,0,2,816
2789,3,4,473
2790,2,4,727
2791,0,2,419
2792,2,4,691
2793,0,4,672
2794,1,3,163
2795,1,5,29
2796,0,4,184
2797,0,4,406
2798,1,5,351
2799,0,5,716
2800,2,5,478
2801,0,4,903
2802,2,5,711
2803,2,3,321
2804,4,5,416
2805,1,2,450
2806,0,2,348
2807,2,4,571
2808,2,4,57
2809,0,3,12
2810,2,3,170
2811,2,5,647
2812,2,3,201
2813,2,3,139
2814,2,3,565
2815,4,5,396
2816,0,1,791
2817,2,4,245
2818,0,1,185
2819,3,5,687
2820,1,5,815
2821,0,4,626
2822,1,3,248
2823,3,4,171
2824,3,5,39
2825,3,4,813
2826,2,3,717
2827,3,4,964
2828,1,4,712
2829,1,3,405
2830,1,3,356
2831,2,4,328
2832,2,5,543
2833,2,3,183
2834,0,5,182
2835,2,3,912
2836,0,4,833
2837,4,5,664
2838,2,4,901
2839,1,4,915
2840,2,5,550
2841,3,5,338
2842,3,5,53
2843,2,5,851
2844,4,5,729
2845,0,1,110
2846,1,3,129
2847,4,5,529
2848,3,5,312
2849,4,5,713
2850,3,4,611
2851,0,2,815
2852,0,5,291
2853,1,3,856
2854,0,5,308
2855,2,4,7
2856,4,5,618
2857,1,3,558
2858,2,4,579
2859,4,5,474
2860,3,4,479
2861,1,5,407
2862,2,5,155
2863,4,5,801
2864,1,5,641
2865,4,5,111
2866,1,3,5
2867,0,4,236
2868,2,3,913
2869,0,3,684
2870,0,5,296
2871,2,3,262
2872,0,1,990
2873,4,5,326
2874,2,4,285
2875,0,2,370
2876,2,4,483
2877,0,3,570
2878,1,2,897
2879,4,5,672
2880,4,5,926
2881,1,2,333
2882,2,5,193
2883,0,5,482
2884,1,4,577
2885,2,3,516
2886,0,4,813
2887,1,5,626
2888,0,4,131
2889,4,5,482
2890,2,3,48
2891,1,4,862
2892,4,5,437
2893,2,4,885
2894,1,3,170
2895,4,5,944
2896,2,5,231
2897,3,5,235
2898,2,3,34
2899,2,3,369
2900,2,5,74
2901,0,3,949
2902,2,3,545
2903,0,1,409
2904,0,5,905
2905,3,5,703
2906,0,5,592
2907,2,4,972
2908,0,3,724
2909,4,5,574
2910,2,3,313
2911,1,4,841
2912,3,4,660
2913,3,5,161
2914,3,4,315
2915,2,4,541
2916,4,5,728
2917,1,5,715
2918,3,4,732
2919,2,4,118
2920,0,5,437
2921,2,3,110
2922,3,4,287
2923,0,2,139
2924,0,1,461
2925,2,3,760
2926,3,4,15
2927,2,3,851
2928,1,5,922
2929,3,4,801
2930,2,5,242
2931,4,5,48
2932,4,5,996
2933,0,5,947
2934,2,4,116
2935,2,5,380
2936,2,4,235
2937,2,3,34
2938,3,5,146
2939,0,5,227
2940,0,5,231
2941,2,5,32
2942,0,1,358
2943,1,2,368
2944,1,3,644
2945,2,3,666
2946,2,3,75
2947,2,5,289
2948,2,5,816
2949,2,4,429
2950,2,4,795
2951,4,5,671
2952,0,1,834
2953,2,5,837
2954,2,3,748
2955,3,5,998
2956,2,5,855
2957,3,4,146
2958,2,3,78
2959,4,5,518
2960,2,5,242
2961,1,4,445
2962,4,5,21
2963,1,2,891
2964,2,5,876
2965,2,3,494
2966,1,2,288
2967,2,3,535
2968,3,4,468
2969,2,5,664
2970,4,5,949
2971,1,4,170
2972,3,5,965
2973,4,5,516
2974,3,5,64
2975,2,3,597
2976,4,5,693
2977,1,4,381
2978,2,4,106
2979,4,5,653
2980,0,5,14
2981,1,3,334
2982,2,5,380
2983,2,3,95
2984,3,5,389
2985,0,1,741
2986,3,5,978
2987,2,5,919
2988,2,5,805
2989,2,5,716
2990,0,2,405
2991,0,3,222
2992,2,4,338
2993,2,4,782
2994,2,4,355
2995,2,5,773
2996,0,1,535
2997,2,4,374
2998,2,5,491
2999,2,5,966
3000,2,3,739
3001,3,5,731
3002,4,5,556
3003,3,5,860
3004,2,4,468
3005,2,4,694
3006,4,5,538
3007,2,3,265
3008,3,4,179
3009,1,2,865
3010,3,4,493
3011,4,5,478
3012,3,5,163
3013,2,3,842
3014,2,3,431
3015,2,4,842
3016,2,5,547
3017,0,5,582
3018,0,3,543
3019,4,5,518
3020,0,5,220
3021,0,5,242
3022,1,2,729
3023,2,4,420
3024,4,5,504
3025,3,5,712
3026,0,3,900
3027,0,1,939
3028,2,5,905
3029,3,5,126
3030,1,4,718
3031,3,5,357
3032,1,5,486
3033,2,3,604
3034,0,1,681
3035,3,4,523
3036,0,3,824
3037,3,5,20
3038,4,5,630
3039,2,5,583
3040,0,1,823
3041,4,5,953
3042,0,1,935
3043,3,5,165
3044,2,5,494
3045,3,4,413
3046,1,3,944
3047,0,4,932
3048,2,3,886
3049,2,5,638
3050,3,4,612
3051,2,4,656
3052,3,4,183
3053,2,4,776
3054,2,4,238
3055,1,3,178
3056,2,3,640
3057,1,3,420
3058,2,4,431
3059,3,5,63
3060,4,5,234
3061,0,2,501
3062,2,3,72
3063,4,5,461
3064,1,2,603
3065,0,2,439
3066,0,4,267
3067,3,5,605
3068,1,5,210
3069,1,3,100
3070,2,5,982
3071,2,5,814
3072,2,4,321
3073,1,2,434
3074,2,3,326
3075,2,5,88
3076,1,5,854
3077,0,2,823
3078,4,5,334
3079,1,3,775
3080,2,5,273
3081,2,3,634
3082,4,5,698
3083,0,1,319
3084,1,2,273
3085,1,2,452
3086,4,5,897
3087,3,5,991
3088,3,5,777
3089,1,4,441
3090,4,5,1
3091,2,3,598
3092,3,5,218
3093,2,4,703
3094,4,5,798
3095,2,4,507
3096,3,4,467
3097,3,4,496
3098,1,2,631
3099,4,5,779
3100,4,5,26
3101,2,5,494
3102,3,5,444
3103,4,5,367
3104,4,5,70
3105,2,3,632
3106,2,3,64
3107,2,5,535
3108,2,4,765
3109,3,5,676
3110,4,5,225
3111,4,5,217
3112,0,1,57
3113,0,2,439
3114,4,5,881
3115,3,4,138
3116,2,4,29
3117,2,4,38
3118,0,3,726
3119,1,3,583
3120,1,3,955
3121,0,5,237
3122,0,5,512
3123,0,4,224
3124,2,4,846
3125,2,3,243
3126,2,4,903
3127,1,4,66
3128,2,3,190
3129,4,5,850
3130,2,4,56
3131,1,3,479
3132,1,2,694
3133,2,3,558
3134,3,5,979
3135,1,5,84
3136,0,3,300
3137,2,5,642
3138,3,4,768
3139,2,3,287
3140,1,3,149
3141,0,1,84
3142,2,5,516
3143,4,5,297
3144,1,4,813
3145,2,5,275
3146,2,4,72
3147,1,2,468
3148,2,5,773
3149,4,5,787
3150,4,5,577
3151,0,5,36
3152,2,5,462
3153,3,5,154
3154,2,3,242
3155,4,5,555
3156,3,5,392
3157,3,5,702
3158,2,4,903
3159,2,4,254
3160,1,4,424
3161,2,4,186
3162,2,5,213
3163,4,5,47
3164,2,3,341
3165,4,5,756
3166,0,3,356
3167,1,3,484
3168,2,4,399
3169,1,2,803
3170,4,5,17
3171,2,3,175
3172,2,4,538
3173,2,5,767
3174,2,4,596
3175,2,4,704
3176,3,4,33
3177,2,5,922
3178,4,5,396
3179,1,4,797
3180,1,3,932
3181,2,4,258
3182,3,5,425
3183,4,5,895
3184,3,5,290
3185,0,4,146
3186,3,4,506
3187,2,4,43
3188,1,3,326
3189,1,5,616
3190,2,3,220
3191,2,4,780
3192,3,5,349
3193,1,3,198
3194,2,5,460
3195,2,5,136
3196,2,3,293
3197,2,5,158
3198,3,4,711
3199,2,5,903
3200,1,4,888
3201,4,5,821
3202,0,2,608
3203,3,4,787
3204,2,5,83
3205,2,4,922
3206,2,5,51
3207,3,5,700
3208,2,3,485
3209,2,4,218
3210,1,5,406
3211,1,3,329
3212,4,5,942
3213,2,5,183
3214,3,4,153
3215,4,5,410
3216,1,4,739
3217,4,5,508
3218,1,5,228
3219,2,5,810
3220,1,4,511
3221,4,5,276
3222,2,5,316
3223,0,1,252
3224,4,5,517
3225,4,5,955
3226,2,5,59
3227,4,5,118
3228,4,5,622
3229,2,4,333
3230,2,4,800
3231,2,5,57
3232,2,3,290
3233,1,4,424
3234,3,5,986
3235,0,5,562
3236,0,2,895
3237,1,3,594
3238,2,5,623
3239,2,5,837
3240,2,4,913
3241,0,5,476
3242,3,5,587
3243,1,3,799
3244,0,2,900
3245,1,2,333
3246,2,5,339
3247,0,4,195
3248,0,1,303
3249,1,3,354
3250,0,1,716
3251,3,4,879
3252,1,3,582
3253,1,3,650
3254,2,4,827
3255,2,3,872
3256,3,5,968
3257,2,4,18
3258,2,4,412
3259,0,2,506
3260,0,2,782
3261,2,5,962
3262,2,4,882
3263,2,3,10
3264,0,2,579
3265,2,5,858
3266,0,2,949
3267,4,5,485
3268,4,5,539
3269,0,2,176
3270,1,3,49
3271,2,5,690
3272,0,3,225
3273,1,4,427
3274,4,5,761
3275,2,3,438
3276,2,3,382
3277,3,4,873
3278,2,4,479
3279,1,5,23
3280,2,4,6
3281,2,5,157
3282,3,5,802
3283,3,5,51
3284,1,5,454
3285,1,2,3
3286,2,4,40
3287,1,3,498
3288,3,5,565
3289,2,3,61
3290,3,4,61
3291,0,1,702
3292,0,5,818
3293,4,5,154
3294,3,4,368
3295,2,4,958
3296,0,1,640
3297,2,4,999
3298,4,5,291
3299,2,3,865
3300,0,1,32
3301,3,5,540
3302,0,1,481
3303,2,4,241
3304,2,4,561
3305,2,4,291
3306,2,3,731
3307,1,3,628
3308,2,3,538
3309,4,5,922
3310,2,3,510
3311,2,5,285
3312,4,5,605
3313,2,4,350
3314,0,4,188
3315,2,3,640
3316,4,5,652
3317,0,2,781
3318,1,2,252
3319,4,5,448
3320,0,3,964
3321,1,4,22
3322,3,4,926
3323,4,5,370
3324,4,5,31
3325,4,5,200
3326,0,3,927
3327,0,5,149
3328,0,5,375
3329,4,5,653
3330,4,5,419
3331,1,4,780
3332,2,4,285
3333,2,4,484
3334,1,2,398
3335,3,4,168
3336,2,4,669
3337,4,5,534
3338,2,5,181
3339,4,5,827
3340,0,5,641
3341,2,5,291
3342,3,4,272
3343,1,5,869
3344,2,4,16
3345,3,4,514
3346,2,3,44
3347,2,5,551
3348,4,5,919
3349,0,4,985
3350,0,5,693
3351,4,5,852
3352,1,2,381
3353,1,5,450
3354,1,3,424
3355,4,5,833
3356,3,5,119
3357,4,5,419
3358,3,4,140
3359,4,5,981
3360,2,3,43
3361,2,4,57
3362,0,2,109
3363,1,4,997
3364,2,4,112
3365,2,4,636
3366,2,5,417
3367,0,2,940
3368,0,2,852
3369,0,2,244
3370,1,2,371
3371,2,4,348
3372,0,1,881
3373,0,4,934
3374,0,1,550
3375,4,5,365
3376,4,5,718
3377,4,5,763
3378,2,3,174
3379,3,5,484
3380,2,5,327
3381,2,5,242
3382,1,2,13
3383,0,5,608
3384,1,5,470
3385,3,4,204
3386,3,4,66
3387,2,3,71
3388,3,5,198
3389,1,3,82
3390,2,5,723
3391,0,2,296
3392,0,1,775
3393,4,5,676
3394,3,5,820
3395,2,3,711
3396,4,5,574
3397,4,5,116
3398,3,4,146
3399,1,4,966
3400,4,5,355
3401,2,4,591
3402,2,4,26
3403,1,3,315
3404,0,3,552
3405,1,3,968
3406,2,3,518
3407,2,4,595
3408,2,5,963
3409,4,5,485
3410,3,5,974
3411,2,5,149
3412,0,1,54
3413,3,5,257
3414,1,3,268
3415,0,4,484
3416,4,5,590
3417,1,3,699
3418,3,5,182
3419,2,3,833
3420,0,3,347
3421,1,2,343
3422,2,5,96
3423,2,4,124
3424,0,2,287
3425,3,4,607
3426,4,5,982
3427,1,4,858
3428,4,5,453
3429,2,4,92
3430,3,4,776
3431,1,3,882
3432,4,5,164
3433,1,3,74
3434,0,4,460
3435,2,5,441
3436,2,3,217
3437,2,5,557
3438,2,5,931
3439,0,4,819
3440,0,2,455
3441,3,4,98
3442,2,5,360
3443,2,4,766
3444,4,5,147
3445,4,5,796
3446,2,5,273
3447,2,5,511
3448,0,3,60
3449,3,4,942
3450,0,5,286
3451,0,3,599
3452,2,5,461
3453,2,3,314
3454,3,4,944
3455,3,4,467
3456,2,4,360
3457,4,5,129
3458,2,4,544
3459,3,5,11
3460,1,4,139
3461,1,5,705
3462,0,1,121
3463,2,3,608
3464,2,4,815
3465,2,5,334
3466,3,4,59
3467,2,3,250
3468,2,5,997
3469,0,1,477
3470,0,5,227
3471,0,5,954
3472,2,5,737
3473,2,3,770
3474,2,5,226
3475,1,3,718
3476,3,5,505
3477,4,5,516
3478,4,5,106
3479,4,5,284
3480,2,4,61
3481,2,4,843
3482,4,5,95
3483,2,3,498
3484,0,1,193
3485,1,3,224
3486,2,3,68
3487,1,5,549
3488,2,3,721
3489,3,4,755
3490,2,5,27
3491,0,2,707
3492,2,3,414
3493,1,2,175
3494,4,5,344
3495,2,5,719
3496,2,4,0
3497,3,5,964
3498,2,4,135
3499,1,3,897
3500,2,4,804
3501,2,5,224
3502,2,4,830
3503,2,3,892
3504,2,4,499
3505,1,3,772
3506,0,5,92
3507,1,3,586
3508,4,5,626
3509,0,2,697
3510,2,4,434
3511,4,5,732
3512,0,1,708
3513,2,3,732
3514,2,4,750
3515,2,3,4
3516,2,5,129
3517,2,4,263
3518,4,5,612
3519,4,5,866
3520,2,3,356
3521,2,3,757
3522,1,4,646
3523,2,5,188
3524,1,5,654
3525,1,5,292
3526,0,1,807
3527,1,4,985
3528,3,4,470
3529,1,3,236
3530,2,4,740
3531,4,5,452
3532,2,5,857
3533,2,4,360
3534,2,5,126
3535,3,4,508
3536,2,4,183
3537,4,5,231
3538,0,4,929
3539,4,5,796
3540,4,5,762
3541,3,4,169
3542,1,5,98
3543,1,2,53
3544,3,4,914
3545,1,5,864
3546,1,2,141
3547,2,3,205
3548,0,2,962
3549,3,5,846
3550,2,4,585
3551,3,5,591
3552,2,4,772
3553,0,1,414
3554,3,4,805
3555,1,3,419
3556,1,2,742
3557,4,5,969
3558,2,5,282
3559,2,5,885
3560,0,2,36
3561,4,5,567
3562,0,4,850
3563,0,3,461
3564,4,5,948
3565,4,5,503
3566,2,5,272
3567,4,5,541
3568,2,4,696
3569,4,5,503
3570,3,5,687
3571,4,5,206
3572,2,3,924
3573,2,3,326
3574,1,5,128
3575,2,3,573
3576,2,5,901
3577,1,2,38
3578,1,4,375
3579,2,4,248
3580,2,4,807
3581,1,2,64
3582,1,4,983
3583,0,1,593
3584,0,5,843
3585,1,2,17
3586,1,4,189
3587,1,3,777
3588,3,5,736
3589,2,4,420
3590,4,5,580
3591,0,5,912
3592,0,5,409
3593,0,5,699
3594,3,5,614
3595,0,1,385
3596,2,5,398
3597,1,5,7
3598,2,4,789
3599,4,5,854
3600,1,2,55
3601,2,5,700
3602,4,5,356
3603,4,5,906
3604,2,5,110
3605,2,4,516
3606,0,2,249
3607,3,5,380
3608,3,5,839
3609,2,4,431
3610,4,5,121
3611,3,4,123
3612,4,5,32
3613,0,5,926
3614,0,5,405
3615,2,3,561
3616,2,5,0
3617,1,5,140
3618,2,3,929
3619,3,5,266
3620,2,5,570
3621,3,5,953
3622,3,5,885
3623,2,3,214
3624,2,3,903
3625,2,5,119
3626,3,5,310
3627,1,5,260
3628,1,4,997
3629,3,4,743
3630,1,5,300
3631,0,3,865
3632,0,5,426
3633,2,4,974
3634,2,3,316
3635,2,5,205
3636,2,4,552
3637,1,5,992
3638,3,5,79
3639,0,3,244
3640,3,4,613
3641,2,5,792
3642,1,2,387
3643,2,5,848
3644,3,5,994
3645,3,5,879
3646,4,5,858
3647,2,4,876
3648,2,3,241
3649,2,4,649
3650,3,5,381
3651,1,2,311
3652,0,3,634
3653,2,5,632
3654,2,4,266
3655,2,4,46
3656,2,4,315
3657,1,5,92
3658,4,5,435
3659,3,4,210
3660,4,5,399
3661,3,4,884
3662,0,5,317
3663,2,3,897
3664,4,5,234
3665,2,4,2
3666,0,3,192
3667,1,5,267
3668,4,5,304
3669,4,5,882
3670,1,5,272
3671,4,5,783
3672,2,4,662
3673,4,5,966
3674,3,5,604
3675,2,5,804
3676,3,4,431
3677,3,4,545
3678,1,5,252
3679,1,5,181
3680,3,5,952
3681,1,2,238
3682,1,5,763
3683,0,1,689
3684,3,4,789
3685,4,5,720
3686,4,5,378
3687,1,2,630
3688,1,2,124
3689,3,5,191
3690,0,2,638
3691,2,3,936
3692,2,4,748
3693,4,5,621
3694,2,4,80
3695,2,3,663
3696,2,3,717
3697,2,5,385
3698,2,4,51
3699,4,5,770
3700,3,5,339
3701,1,5,990
3702,2,4,212
3703,3,4,286
3704,2,5,889
3705,1,5,804
3706,2,4,89
3707,4,5,483
3708,1,5,44
3709,4,5,965
3710,1,3,541
3711,2,4,175
3712,4,5,291
3713,0,5,203
3714,4,5,80
3715,2,4,780
3716,0,4,147
3717,3,4,680
3718,4,5,884
3719,2,4,640
3720,1,3,120
3721,3,5,808
3722,4,5,198
3723,1,3,595
3724,0,5,815
3725,4,5,819
3726,2,5,728
3727,1,5,977
3728,3,4,878
3729,4,5,468
3730,0,4,418
3731,4,5,497
3732,0,2,353
3733,2,3,699
3734,2,4,262
3735,2,5,311
3736,0,3,128
3737,3,5,174
3738,2,5,385
3739,2,3,454
3740,0,5,404
3741,2,4,893
3742,1,2,882
3743,4,5,892
3744,2,3,664
3745,2,3,453
3746,1,5,417
3747,2,4,965
3748,0,4,571
3749,2,4,585
3750,2,5,602
3751,3,5,303
3752,2,4,34
3753,0,5,342
3754,2,4,334
3755,2,4,392
3756,2,4,21
3757,0,2,243
3758,2,4,855
3759,2,3,850
3760,1,4,133
3761,1,5,3
3762,4,5,665
3763,2,4,758
3764,2,5,139
3765,2,4,525
3766,2,3,923
3767,3,5,966
3768,0,2,666
3769,2,3,384
3770,4,5,805
3771,1,5,402
3772,4,5,661
3773,2,5,969
3774,3,4,89
3775,2,5,699
3776,3,5,473
3777,4,5,587
3778,2,4,926
3779,2,3,171
3780,4,5,252
3781,1,2,563
3782,3,4,716
3783,3,4,754
3784,2,5,563
3785,0,3,907
3786,0,4,452
3787,2,4,848
3788,2,5,719
3789,2,5,739
3790,2,5,886
3791,0,4,114
3792,0,4,258
3793,2,5,5
3794,0,3,399
3795,4,5,792
3796,2,5,125
3797,4,5,59
3798,3,4,5
3799,2,5,689
3800,2,5,486
3801,0,4,923
3802,2,3,706
3803,1,2,851
3804,2,3,526
3805,2,4,897
3806,1,5,123
3807,0,4,927
3808,2,5,971
3809,0,2,985
3810,2,3,728
3811,0,4,325
3812,2,3,393
3813,2,5,287
3814,3,4,817
3815,4,5,779
3816,4,5,45
3817,1,2,950
3818,2,5,800
3819,2,5,389
3820,0,4,586
3821,2,5,56
3822,4,5,923
3823,0,3,22
3824,4,5,302
3825,1,5,443
3826,4,5,354
3827,2,5,461
3828,4,5,613
3829,2,5,991
3830,3,5,893
3831,3,5,62
3832,0,1,950
3833,3,5,80
3834,1,4,365
3835,0,4,616
3836,2,5,975
3837,2,3,908
3838,4,5,887
3839,2,3,354
3840,4,5,323
3841,2,3,731
3842,4,5,906
3843,2,3,270
3844,2,3,61
3845,2,4,738
3846,0,2,1
3847,2,5,705
3848,4,5,860
3849,3,5,32
3850,1,4,597
3851,2,3,650
3852,0,2,845
3853,1,3,256
3854,0,5,859
3855,2,3,309
3856,4,5,214
3857,4,5,829
3858,2,4,652
3859,3,5,70
3860,2,3,294
3861,0,2,678
3862,2,5,595
3863,4,5,114
3864,0,3,930
3865,2,4,356
3866,2,5,749
3867,3,5,636
3868,2,5,280
3869,2,3,509
3870,1,4,958
3871,3,5,273
3872,4,5,867
3873,0,1,458
3874,1,2,652
3875,4,5,333
3876,0,5,736
3877,1,4,267
3878,2,5,376
3879,4,5,899
3880,1,5,200
3881,3,4,1
3882,0,3,334
3883,2,4,816
3884,4,5,489
3885,4,5,856
3886,2,5,235
3887,2,3,994
3888,3,4,690
3889,4,5,319
3890,2,4,750
3891,4,5,292
3892,3,5,869
3893,1,5,12
3894,2,3,311
3895,0,4,654
3896,2,3,214
3897,2,4,92
3898,3,4,473
3899,0,5,283
3900,3,4,208
3901,1,5,156
3902,2,5,7
3903,2,5,61
3904,4,5,97
3905,0,5,713
3906,2,3,21
3907,2,5,294
3908,1,3,770
3909,3,4,559
3910,1,4,159
3911,2,3,646
3912,4,5,550
3913,3,4,931
3914,3,4,348
3915,2,5,449
3916,2,3,498
3917,1,2,701
3918,3,4,244
3919,1,3,263
3920,3,5,298
3921,4,5,432
3922,0,3,725
3923,2,5,999
3924,2,4,401
3925,2,4,374
3926,3,4,608
3927,1,5,595
3928,2,3,367
3929,0,4,961
3930,1,2,292
3931,3,5,254
3932,3,4,525
3933,2,5,75
3934,4,5,639
3935,3,4,642
3936,3,5,511
3937,1,2,255
3938,2,4,973
3939,2,3,744
3940,4,5,472
3941,2,5,952
3942,3,5,803
3943,3,5,209
3944,2,4,158
3945,4,5,761
3946,2,5,71
3947,2,5,407
3948,2,4,598
3949,2,4,608
3950,2,4,635
3951,2,5,44
3952,3,4,399
3953,2,5,496
3954,2,3,18
3955,2,5,672
3956,0,5,444
3957,0,1,131
3958,2,5,400
3959,1,3,842
3960,2,3,770
3961,1,4,911
3962,1,5,555
3963,1,2,992
3964,2,4,105
3965,3,5,176
3966,2,5,13
3967,1,2,570
3968,2,3,120
3969,4,5,831
3970,2,4,241
3971,1,5,896
3972,2,3,150
3973,2,4,652
3974,2,4,964
3975,1,4,212
3976,0,2,948
3977,1,2,452
3978,1,4,950
3979,2,5,720
3980,0,5,120
3981,2,3,645
3982,0,4,186
3983,2,3,851
3984,1,3,441
3985,2,3,435
3986,0,1,731
3987,0,3,913
3988,4,5,911
3989,2,4,553
3990,0,4,98
3991,1,4,282
3992,2,5,397
3993,1,3,846
3994,3,4,785
3995,1,5,354
3996,0,1,909
3997,3,5,976
3998,3,5,536
3999,2,5,631
